{"cameraMode":{"drawMode":0,"name":"Shaded","section":"Shading Mode"},"sceneLighting":true,"audioPlay":false,"sceneViewState":{"showFog":true,"showMaterialUpdate":false,"showSkybox":true,"showFlares":true,"showImageEffects":true,"showParticleSystems":true},"in2DMode":false,"pivot":{"x":0.09503878653049469,"y":0.10460019111633301,"z":-0.09420648217201233},"rotation":{"x":0.07996208220720291,"y":0.739356279373169,"z":-0.08910483866930008,"w":0.6627028584480286},"size":0.5065239667892456,"orthographic":true}